Campaign,Channel,Spend,Leads,Clicks,Impressions,Conversions,Revenue,ROI (%),CPA
Diwali Blast,Social Media,171958,1266,18023,264176,138,228666,32.97782016538922,1246.072463768116
New Year Glow,Influencer,196867,6134,43090,234779,590,977630,396.5941473177323,333.6728813559322
Summer Shine,Events,181932,5226,3685,135305,761,1260977,593.1034672295143,239.06964520367936
Influencer Push,Email,153694,6378,2769,209765,555,919635,498.354522622874,276.9261261261261
Insta Ads,Social Media,169879,7031,4433,253004,779,1290803,659.8367073034336,218.0731707317073
Email Boost,Email,160268,4244,7311,274088,862,1428334,791.2159632615369,185.92575406032483
YouTube Collab,Influencer,104886,3971,39819,180608,269,445733,324.96901397707984,389.91078066914497
Local Event Drive,Events,187337,3719,41188,288042,766,1269262,577.5287316440425,244.56527415143603
